Name,Roll,Math,Python,Machine_Learning,Statistics
Ali,101,85,92,88,80
Sara,102,92,95,90,89
Ahmed,103,45,50,55,48
Hina,104,78,82,85,80
Bilal,105,60,,65,58
Zara,106,88,91,93,87
Usman,107,55,60,58,52
Ayesha,108,95,97,96,94
Hamza,109,60,65,62,59
Fatima,110,72,75,78,74
Omar,111,40,45,42,38
Mariam,112,85,88,86,83
Khalid,113,68,70,72,69
Noor,114,90,93,91,88
Danish,115,50,55,52,49
Sana,116,82,85,84,80
Ayesha,108,95,97,96,94
